adc_id,adc_name,aliases,target,antibody,linker_name,linker_type,payload_name,payload_class,dar,indication,development_status,company,source_url,data_review_status,brand_name,approval_date,approval_jurisdictions,catalog_status,dar_reported,as_of_date,verification_status
adc_001,Trastuzumab deruxtecan,T-DXd|DS-8201|Enhertu,HER2,Trastuzumab,Tetrapeptide GGFG,cleavable,Dxd,Topoisomerase I inhibitor,8.0,HER2-positive or HER2-low breast cancer and other HER2-expressing tumors,approved,Daiichi Sankyo / AstraZeneca,https://www.fda.gov/drugs/resources-information-approved-drugs/fda-approves-fam-trastuzumab-deruxtecan-nxki-her2-positive-unresectable-or-metastatic-breast-cancer,needs_review,Enhertu,2019-12-20,FDA;EMA;PMDA,marketed,7-8,2026-06-30,primary_check_pending
adc_002,Trastuzumab emtansine,T-DM1|Kadcyla,HER2,Trastuzumab,SMCC,non-cleavable,DM1,Microtubule inhibitor,3.5,HER2-positive breast cancer,approved,Roche,https://www.fda.gov/drugs/resources-information-approved-drugs/fda-approves-ado-trastuzumab-emtansine,needs_review,Kadcyla,2013-02-22,FDA;EMA;PMDA;NMPA,marketed,3.5,2026-06-30,primary_check_pending
adc_003,Disitamab vedotin,RC48|RC48-ADC|Aidixi,HER2,Disitamab,Val-Cit-PABC,cleavable,MMAE,Microtubule inhibitor,4.0,HER2-overexpressing gastric and urothelial cancer,approved,RemeGen,https://www.hkexnews.hk/listedco/listconews/sehk/2025/0509/2025050900953.pdf,needs_review,Aidixi,2021-06-08,NMPA,marketed,4,2026-06-30,primary_check_pending
adc_004,Sacituzumab govitecan,IMMU-132|Trodelvy,TROP2,hRS7,CL2A,cleavable,SN-38,Topoisomerase I inhibitor,7.6,Metastatic triple-negative and HR-positive HER2-negative breast cancer,approved,Gilead Sciences,https://www.fda.gov/drugs/resources-information-approved-drugs/fda-approves-sacituzumab-govitecan-hziy-metastatic-triple-negative-breast-cancer,needs_review,Trodelvy,2020-04-22,FDA,marketed,7-8,2026-06-30,primary_check_pending
adc_005,Datopotamab deruxtecan,Dato-DXd|DS-1062|Datroway,TROP2,Datopotamab,Tetrapeptide GGFG,cleavable,Dxd,Topoisomerase I inhibitor,4.0,HR-positive HER2-negative breast cancer,approved,Daiichi Sankyo / AstraZeneca,https://www.fda.gov/drugs/resources-information-approved-drugs/fda-approves-datopotamab-deruxtecan-dlnk-unresectable-or-metastatic-hr-positive-her2-negative-breast,needs_review,Datroway,2025-01-17,FDA,marketed,4-8,2026-06-30,primary_check_pending
adc_006,Sacituzumab tirumotecan,SKB264|MK-2870|Jiatailai,TROP2,Anti-TROP2 antibody,CL2A-derived MsPr,cleavable,KL610023,Topoisomerase I inhibitor,,Breast cancer and non-small-cell lung cancer,approved,Sichuan Kelun-Biotech / Merck,https://static.cninfo.com.cn/finalpage/2024-11-27/1221861539.PDF,needs_review,Jiatailai,2024-11-01,NMPA,marketed,7.4,2026-06-30,primary_check_pending
adc_007,Gemtuzumab ozogamicin,Mylotarg|GO,CD33,Humanized IgG4,AcBut hydrazone,cleavable,Calicheamicin,DNA-damaging agent,,CD33-positive acute myeloid leukemia,approved,Pfizer,https://www.fda.gov/drugs/resources-information-approved-drugs/gemtuzumab-ozogamicin,needs_review,Mylotarg,2000-05-17,FDA;EMA;PMDA,marketed,2-3,2026-06-30,primary_check_pending
adc_008,Brentuximab vedotin,Adcetris|SGN-35,CD30,Chimeric IgG1,MC-Val-Cit-PABC,cleavable,MMAE,Microtubule inhibitor,4.0,Hodgkin lymphoma and peripheral T-cell lymphoma,approved,Seagen / Takeda,https://www.fda.gov/drugs/resources-information-approved-drugs/fda-approves-brentuximab-vedotin,needs_review,Adcetris,2011-08-19,FDA;EMA;PMDA;NMPA,marketed,4,2026-06-30,primary_check_pending
adc_009,Inotuzumab ozogamicin,Besponsa|CMC-544,CD22,Humanized IgG4,AcBut hydrazone,cleavable,Calicheamicin,DNA-damaging agent,,Relapsed or refractory B-cell precursor acute lymphoblastic leukemia,approved,Pfizer,https://www.fda.gov/drugs/resources-information-approved-drugs/fda-approves-inotuzumab-ozogamicin-relapsed-or-refractory-b-cell-precursor-acute-lymphoblastic,needs_review,Besponsa,2017-06-28,FDA;EMA;PMDA,marketed,2-8,2026-06-30,primary_check_pending
adc_010,Polatuzumab vedotin,Polivy|DCDS4501A,CD79b,Humanized IgG1,MC-Val-Cit-PABC,cleavable,MMAE,Microtubule inhibitor,3.5,Diffuse large B-cell lymphoma,approved,Genentech / Roche,https://www.fda.gov/drugs/resources-information-approved-drugs/fda-approves-polatuzumab-vedotin-piiq-diffuse-large-b-cell-lymphoma,needs_review,Polivy,2019-06-10,FDA;EMA,marketed,3-4,2026-06-30,primary_check_pending
adc_011,Enfortumab vedotin,Padcev|ASG-22CE,Nectin-4,Fully human IgG1,MC-Val-Cit-PABC,cleavable,MMAE,Microtubule inhibitor,3.8,Locally advanced or metastatic urothelial cancer,approved,Astellas / Seagen,https://www.fda.gov/drugs/resources-information-approved-drugs/fda-grants-accelerated-approval-enfortumab-vedotin-ejfv-locally-advanced-or-metastatic-urothelial,needs_review,Padcev,2019-12-18,FDA,marketed,3.8,2026-06-30,primary_check_pending
adc_012,Loncastuximab tesirine,Lonca|Zynlonta|ADCT-402,CD19,Humanized IgG1,Val-Cit-PABC,cleavable,PBD dimer,DNA-damaging agent,2.3,Relapsed or refractory large B-cell lymphoma,approved,ADC Therapeutics,https://www.fda.gov/drugs/resources-information-approved-drugs/fda-grants-accelerated-approval-loncastuximab-tesirine-lpy,needs_review,Zynlonta,2021-04-23,FDA,marketed,2.3,2026-06-30,primary_check_pending
adc_013,Tisotumab vedotin,Tivdak|HuMax-TF,TF,Humanized IgG1,MC-Val-Cit-PABC,cleavable,MMAE,Microtubule inhibitor,4.0,Recurrent or metastatic cervical cancer,approved,Seagen / Genmab,https://www.fda.gov/drugs/resources-information-approved-drugs/fda-grants-accelerated-approval-tisotumab-vedotin-tftv-recurrent-or-metastatic-cervical-cancer,needs_review,Tivdak,2021-09-20,FDA,marketed,4,2026-06-30,primary_check_pending
adc_014,Mirvetuximab soravtansine,Mirvetuximab|MIRV|Elahere,FRalpha,Fully human IgG1,Sulfo-SPDB,cleavable,DM4,Microtubule inhibitor,3.4,FRalpha-positive epithelial ovarian fallopian tube or primary peritoneal cancer,approved,ImmunoGen / AbbVie,https://www.fda.gov/drugs/resources-information-approved-drugs/fda-grants-accelerated-approval-mirvetuximab-soravtansine-gynx-advanced-epithelial-ovarian-fallopian,needs_review,Elahere,2022-11-14,FDA,marketed,3-4,2026-06-30,primary_check_pending
adc_015,Telisotuzumab vedotin,Teliso-V|Emrelis|ABBV-399,c-Met,Humanized IgG1,MC-Val-Cit-PABC,cleavable,MMAE,Microtubule inhibitor,3.1,Previously treated locally advanced or metastatic nonsquamous non-small-cell lung cancer,approved,AbbVie,https://www.fda.gov/drugs/resources-information-approved-drugs/fda-grants-accelerated-approval-telisotuzumab-vedotin-tllv-nsclc-high-c-met-protein-overexpression,needs_review,Emrelis,2025-05-14,FDA,marketed,2-4,2026-06-30,primary_check_pending
adc_016,Trastuzumab rezetecan,SHR-A1811|Aiweida,HER2,Humanized IgG1,GGFG peptide,cleavable,SHR9265,Topoisomerase I inhibitor,5.7,Previously treated HER2-mutant unresectable or metastatic non-small-cell lung cancer,approved,Hengrui Pharmaceuticals,https://www.nmpa.gov.cn/zhuanti/cxylqx/cxypxx/20250529142716124.html,needs_review,Aiweida,2025-05-29,NMPA,marketed,5.7,2026-06-30,primary_check_pending
adc_017,Trastuzumab botidotin,A-166|Shutailai,HER2,Humanized IgG1,Val-Cit,cleavable,Duostatin-5,Microtubule inhibitor,2.0,HER2-positive breast cancer,approved,Sichuan Kelun-Biotech,https://www.hkexnews.hk/listedco/listconews/sehk/2025/1020/2025102000155.pdf,needs_review,Shutailai,2025-10-17,NMPA,marketed,2,2026-06-30,primary_check_pending
adc_018,Becotatug vedotin,MRG003|Meiyouheng,EGFR,Humanized IgG1,Val-Cit,cleavable,MMAE,Microtubule inhibitor,4.0,Recurrent or metastatic nasopharyngeal carcinoma,approved,Lepu Biopharma,https://en.lepubiopharma.com/new/213.html,needs_review,Meiyouheng,2025-10-30,NMPA,marketed,3.8,2026-06-30,primary_check_pending
adc_019,Pivekimab sunirine,IMGN632|Decnupaz,CD123,Humanized IgG1,Ala-Ala,cleavable,DGN549,DNA-alkylating agent,2.0,Blastic plasmacytoid dendritic cell neoplasm,approved,AbbVie,https://www.fda.gov/drugs/resources-information-approved-drugs/fda-approves-pivekimab-sunirine-pvzy-blastic-plasmacytoid-dendritic-cell-neoplasm-ultra-rare,needs_review,Decnupaz,2026-05-27,FDA,marketed,2,2026-06-30,primary_check_pending
adc_020,Izalontamab brengitecan,IBI300|Yizekang,EGFR x HER3,Humanized bispecific IgG1,GGFG tetrapeptide,cleavable,Ed-04,Topoisomerase I inhibitor,8.0,Recurrent or metastatic nasopharyngeal carcinoma,approved,Sichuan Baili / SystImmune / Bristol Myers Squibb,https://www.prnewswire.com/news-releases/systimmune-announces-first-approval-of-iza-bren-for-the-treatment-of-recurrent-or-metastatic-nasopharyngeal-carcinoma-in-china-302806766.html,needs_review,Yizekang,2026-06-22,NMPA,marketed,8,2026-06-30,primary_check_pending
adc_021,Cetuximab sarotalocan,RM-1929|Akalux,EGFR,Chimeric IgG1,Photochemical linker,unknown,IRDye700DX,Photosensitizer,2.5,Unresectable head and neck cancer,approved,Rakuten Medical,https://www.pmda.go.jp/PmdaSearch/rdDetail/iyaku/4299406A1020_1?user=1,needs_review,Akalux,2020-09-25,PMDA,marketed,1.3-3.8,2026-06-30,primary_check_pending
adc_022,Belantamab mafodotin,Blenrep|GSK2857916,BCMA,Humanized IgG1,MC,non-cleavable,MMAF,Microtubule inhibitor,4.0,Relapsed or refractory multiple myeloma,approved,GlaxoSmithKline,https://www.fda.gov/drugs/resources-information-approved-drugs/fda-approves-belantamab-mafodotin-blmf-relapsed-or-refractory-multiple-myeloma,needs_review,Blenrep,2025-10-23,FDA,marketed,4,2026-06-30,primary_check_pending
adc_023,Moxetumomab pasudotox,Lumoxiti|Moxetumomab|CAT-8015,CD22,Recombinant immunotoxin,,unknown,PE38,Protein synthesis inhibitor,,Relapsed or refractory hairy cell leukemia,discontinued,AstraZeneca,https://www.fda.gov/drugs/resources-information-approved-drugs/fda-grants-accelerated-approval-moxetumomab-pasudotox-tdfk-relapsed-or-refractory-hairy-cell-leukemia,needs_review,Lumoxiti,2018-09-13,FDA;EMA,withdrawn,,2026-06-30,primary_check_pending
